<?xml version="1.0" encoding="UTF-8" standalone="yes"?>
<addon id="repository.astrapi" name="astrapi Add-ons" version="1.0.0" provider-name="astrapi">
	<extension point="xbmc.addon.repository" name="astrapi">
      <info compressed="false">https://raw.githubusercontent.com/astrapi/kodi.repository/master/addons.xml</info>
      <checksum>https://raw.githubusercontent.com/astrapi/kodi.repository/master/addons.xml.md5</checksum>
      <datadir zip="true">https://raw.githubusercontent.com/astrapi/kodi.repository/master/</datadir>
	</extension>
	<extension point="xbmc.addon.metadata">
		<summary lang="de">Astrapi Repository</summary>
		<description lang="de"></description>
		<disclaimer></disclaimer>
		<platform>all</platform>
	</extension>
</addon>
